,randState,normMode,regType,score,mse,coefficients,intercepts
0,1,None,Polynomial SVM,-75070089.58327885,2.6190900909575885e+19,,[-1.49038754e+10]
1,1,None,RBF SVM,-0.07485050814593297,375000255530.9005,,[831265.16358395]
2,1,Z-Score/Standard,Polynomial SVM,-6159644.354390463,2.149013806450688e+18,,[-2.90647629e+08]
3,1,Z-Score/Standard,RBF SVM,-0.07088668753502136,373617334156.5276,,[830935.82730373]
